Label,Kernel,Launches,Total_ms,Avg_ms,Block,Grid,Regs,Shmem_static_B,Shmem_dyn_B,Lmem_B,ThOcc_pct,Limiter,pct_GPU
30e/6%,Stage1,12,12527.0842,1043.92368,256,1573,44,0,0,0,62.5,reg,6.92
30e/6%,Stage1,11,11582.6574,1052.96886,256,1621,44,0,0,0,62.5,reg,6.4
30e/6%,Stage1,10,10253.2673,1025.32673,256,1671,44,0,0,0,62.5,reg,5.66
30e/6%,Stage1,9,9271.2535,1030.13927,256,1723,44,0,0,0,62.5,reg,5.12
30e/6%,Stage1,8,7596.9613,949.62017,256,1831,44,0,0,0,62.5,reg,4.2
30e/6%,Stage3,12,5961.5247,496.79372,256,50,47,0,0,0,62.5,reg,3.29
30e/6%,Stage3,14,5819.1011,415.65008,256,51,47,0,0,0,62.5,reg,3.21
30e/6%,Stage1,8,5270.4251,658.80314,256,1776,44,0,0,0,62.5,reg,2.91
30e/6%,Stage1,6,5226.9713,871.16188,256,1946,44,0,0,0,62.5,reg,2.89
30e/6%,Stage1,6,4558.3277,759.72129,256,2006,44,0,0,0,62.5,reg,2.52
30e/6%,Stage3,11,4272.0672,388.36974,256,53,47,0,0,0,62.5,reg,2.36
30e/6%,Stage1,7,4131.6251,590.23216,256,1888,44,0,0,0,62.5,reg,2.28
30e/6%,Stage3,9,3559.0754,395.45282,256,54,47,0,0,0,62.5,reg,1.97
30e/6%,Stage1,5,3483.9402,696.78804,256,2068,44,0,0,0,62.5,reg,1.92
30e/6%,Stage1,5,3429.3457,685.86914,256,2132,44,0,0,0,62.5,reg,1.89
30e/6%,Stage3,8,2893.9103,361.73879,256,56,47,0,0,0,62.5,reg,1.6
30e/6%,Stage3,8,2650.284,331.2855,256,58,47,0,0,0,62.5,reg,1.46
30e/6%,Stage1,4,2214.5712,553.6428,256,2336,44,0,0,0,62.5,reg,1.22
30e/6%,Stage3,7,2113.4645,301.9235,256,59,47,0,0,0,62.5,reg,1.17
30e/6%,static_kernel,2331607,2095.1045,0.0009,256,1,16,0,0,0,100.0,thr,1.16
30e/6%,Stage1,4,2048.8452,512.21129,256,2266,44,0,0,0,62.5,reg,1.13
30e/6%,Stage1,4,2017.5761,504.39403,256,2198,44,0,0,0,62.5,reg,1.11
30e/6%,Stage1,3,1738.9876,579.66254,256,2482,44,0,0,0,62.5,reg,0.96
30e/6%,Stage3,6,1715.2466,285.87444,256,61,47,0,0,0,62.5,reg,0.95
30e/6%,Stage1,1,1712.51,1712.50997,256,2897,44,0,0,0,62.5,reg,0.95
30e/6%,Stage1,3,1677.4706,559.15685,256,2559,44,0,0,0,62.5,reg,0.93
30e/6%,Stage1,1,1665.9236,1665.92361,256,1109,44,0,0,0,62.5,reg,0.92
30e/6%,Stage1,3,1649.14,549.71335,256,2408,44,0,0,0,62.5,reg,0.91
30e/6%,Stage3,6,1553.6115,258.93525,256,63,47,0,0,0,62.5,reg,0.86
30e/6%,Stage1,1,1548.8352,1548.83515,256,1068,44,0,0,0,62.5,reg,0.86
30e/6%,Stage1,1,1319.5386,1319.53861,256,1268,44,0,0,0,62.5,reg,0.73
30e/6%,Stage2,14,1303.7009,93.12149,256,51,63,0,0,0,50.0,reg,0.72
30e/6%,Stage3,6,1297.8058,216.30096,256,65,47,0,0,0,62.5,reg,0.72
30e/6%,Stage2,12,1256.1452,104.67877,256,50,63,0,0,0,50.0,reg,0.69
30e/6%,Stage1,1,1225.7158,1225.71584,256,281,44,0,0,0,62.5,reg,0.68
30e/6%,Stage1,1,1223.1264,1223.1264,256,1015,44,0,0,0,62.5,reg,0.68
30e/6%,Stage3,6,1214.4036,202.4006,256,67,47,0,0,0,62.5,reg,0.67
30e/6%,Stage1,1,1139.7344,1139.7344,256,1612,44,0,0,0,62.5,reg,0.63
30e/6%,Stage2,9,1068.3943,118.71048,256,54,63,0,0,0,50.0,reg,0.59
30e/6%,Stage1,1,984.5239,984.5239,256,1486,44,0,0,0,62.5,reg,0.54
30e/6%,Stage1,1,930.3196,930.31961,256,499,44,0,0,0,62.5,reg,0.51
30e/6%,Stage1,2,926.2674,463.1337,256,2890,44,0,0,0,62.5,reg,0.51
30e/6%,Stage1,1,919.6837,919.68365,256,1616,44,0,0,0,62.5,reg,0.51
30e/6%,Stage2,11,909.6944,82.69949,256,53,63,0,0,0,50.0,reg,0.5
30e/6%,Stage1,2,869.2635,434.63175,256,2638,44,0,0,0,62.5,reg,0.48
30e/6%,Stage1,1,869.2098,869.20985,256,497,44,0,0,0,62.5,reg,0.48
30e/6%,Stage3,4,815.8439,203.96098,256,69,47,0,0,0,62.5,reg,0.45
30e/6%,Stage1,2,807.153,403.5765,256,2720,44,0,0,0,62.5,reg,0.45
30e/6%,Stage1,1,797.472,797.47199,256,871,44,0,0,0,62.5,reg,0.44
30e/6%,Stage3,4,789.0528,197.2632,256,71,47,0,0,0,62.5,reg,0.44
30e/6%,Stage1,2,780.1057,390.05286,256,2804,44,0,0,0,62.5,reg,0.43
30e/6%,Stage1,1,709.1827,709.18266,256,1613,44,0,0,0,62.5,reg,0.39
30e/6%,Stage3,4,700.4708,175.11769,256,73,47,0,0,0,62.5,reg,0.39
30e/6%,Stage2,8,645.9913,80.74892,256,56,63,0,0,0,50.0,reg,0.36
30e/6%,Stage1,1,642.9515,642.95153,256,890,44,0,0,0,62.5,reg,0.36
30e/6%,Stage3,3,636.3768,212.1256,256,28,47,0,0,0,62.5,reg,0.35
30e/6%,Stage1,2,632.824,316.41201,256,3687,44,0,0,0,62.5,reg,0.35
30e/6%,Stage1,1,609.1648,609.16477,256,1734,44,0,0,0,62.5,reg,0.34
30e/6%,Stage1,1,585.9372,585.93722,256,3166,44,0,0,0,62.5,reg,0.32
30e/6%,Stage2,8,584.4753,73.05942,256,58,63,0,0,0,50.0,reg,0.32
30e/6%,Stage1,1,577.3283,577.32825,256,3469,44,0,0,0,62.5,reg,0.32
30e/6%,Stage3,4,555.5308,138.8827,256,78,47,0,0,0,62.5,reg,0.31
30e/6%,Stage3,2,553.7365,276.86826,256,32,47,0,0,0,62.5,reg,0.31
30e/6%,Stage1,1,553.0802,553.08024,256,2979,44,0,0,0,62.5,reg,0.31
30e/6%,Stage1,1,552.5296,552.52956,256,866,44,0,0,0,62.5,reg,0.31
30e/6%,Stage1,1,544.8161,544.8161,256,2064,44,0,0,0,62.5,reg,0.3
30e/6%,Stage1,1,536.1102,536.11025,256,3072,44,0,0,0,62.5,reg,0.3
30e/6%,Stage1,1,530.8838,530.88379,256,922,44,0,0,0,62.5,reg,0.29
30e/6%,Stage1,1,528.0489,528.04887,256,3365,44,0,0,0,62.5,reg,0.29
30e/6%,Stage1,1,513.6406,513.64062,256,188,44,0,0,0,62.5,reg,0.28
30e/6%,Stage2,7,504.6815,72.09735,256,59,63,0,0,0,50.0,reg,0.28
30e/6%,Stage3,3,502.8317,167.61056,256,76,47,0,0,0,62.5,reg,0.28
30e/6%,Stage1,1,502.329,502.32896,256,25,44,0,0,0,62.5,reg,0.28
30e/6%,Stage1,1,499.7024,499.70245,256,3576,44,0,0,0,62.5,reg,0.28
30e/6%,Stage3,1,491.8522,491.85219,256,35,47,0,0,0,62.5,reg,0.27
30e/6%,Stage1,1,474.5084,474.50837,256,2143,44,0,0,0,62.5,reg,0.26
30e/6%,Stage3,1,459.7582,459.75823,256,34,47,0,0,0,62.5,reg,0.25
30e/6%,Stage3,2,459.2492,229.62462,256,16,47,0,0,0,62.5,reg,0.25
30e/6%,insert,1,448.6489,448.64886,128,88224,30,48,0,0,100.0,reg,0.25
30e/6%,Stage1,1,441.4793,441.4793,256,1670,44,0,0,0,62.5,reg,0.24
30e/6%,Stage1,1,436.8519,436.8519,256,1560,44,0,0,0,62.5,reg,0.24
30e/6%,Stage3,3,428.6019,142.86729,256,80,47,0,0,0,62.5,reg,0.24
30e/6%,insert,1,420.269,420.26902,128,74074,30,48,0,0,100.0,reg,0.23
30e/6%,insert,1,414.0011,414.00114,128,78519,30,48,0,0,100.0,reg,0.23
30e/6%,insert,1,405.2679,405.2679,128,83230,30,48,0,0,100.0,reg,0.22
30e/6%,Stage3,1,392.5073,392.50727,256,40,47,0,0,0,62.5,reg,0.22
30e/6%,Stage1,1,391.3144,391.31438,256,2473,44,0,0,0,62.5,reg,0.22
30e/6%,Stage2,6,381.4476,63.5746,256,61,63,0,0,0,50.0,reg,0.21
30e/6%,insert,1,380.4676,380.4676,128,65926,30,48,0,0,100.0,reg,0.21
30e/6%,Stage1,1,373.4823,373.48233,256,996,44,0,0,0,62.5,reg,0.21
30e/6%,Stage2,6,371.0181,61.83635,256,63,63,0,0,0,50.0,reg,0.2
30e/6%,insert,1,359.5653,359.5653,128,69881,30,48,0,0,100.0,reg,0.2
30e/6%,Stage1,1,354.032,354.03204,256,3264,44,0,0,0,62.5,reg,0.2
30e/6%,Stage2,6,347.0491,57.84152,256,65,63,0,0,0,50.0,reg,0.19
30e/6%,Stage1,1,340.7525,340.75248,256,449,44,0,0,0,62.5,reg,0.19
30e/6%,Stage2,4,338.9776,84.7444,256,71,63,0,0,0,50.0,reg,0.19
30e/6%,Stage1,1,327.8876,327.88763,256,1290,44,0,0,0,62.5,reg,0.18
30e/6%,insert,1,325.3845,325.38452,128,62194,30,48,0,0,100.0,reg,0.18
30e/6%,Stage2,6,319.2703,53.21171,256,67,63,0,0,0,50.0,reg,0.18
30e/6%,Stage3,1,319.0903,319.09029,256,9,47,0,0,0,62.5,reg,0.18
30e/6%,insert,1,319.0621,319.06207,128,58674,30,48,0,0,100.0,reg,0.18
30e/6%,Stage3,3,300.8559,100.28532,256,91,47,0,0,0,62.5,reg,0.17
30e/6%,insert,1,280.6151,280.61514,128,55353,30,48,0,0,100.0,reg,0.15
30e/6%,insert,1,265.3483,265.34827,128,52220,30,48,0,0,100.0,reg,0.15
30e/6%,Stage3,2,261.8279,130.91395,256,83,47,0,0,0,62.5,reg,0.14
30e/6%,Stage3,2,240.4962,120.24808,256,85,47,0,0,0,62.5,reg,0.13
30e/6%,Stage3,1,238.8792,238.87916,256,47,47,0,0,0,62.5,reg,0.13
30e/6%,insert,1,235.8637,235.86375,128,41363,30,48,0,0,100.0,reg,0.13
30e/6%,insert,1,232.6435,232.64349,128,49264,30,48,0,0,100.0,reg,0.13
30e/6%,Stage1,1,219.9306,219.93064,256,567,44,0,0,0,62.5,reg,0.12
30e/6%,Stage3,2,218.7734,109.3867,256,88,47,0,0,0,62.5,reg,0.12
30e/6%,insert,1,214.4214,214.42143,128,46475,30,48,0,0,100.0,reg,0.12
30e/6%,insert,1,214.2448,214.24484,128,43845,30,48,0,0,100.0,reg,0.12
30e/6%,Stage2,4,210.0573,52.51433,256,69,63,0,0,0,50.0,reg,0.12
30e/6%,Stage1,1,205.2902,205.29021,256,222,44,0,0,0,62.5,reg,0.11
30e/6%,insert,1,203.7736,203.77361,128,39022,30,48,0,0,100.0,reg,0.11
30e/6%,Stage3,1,200.5882,200.58817,256,55,47,0,0,0,62.5,reg,0.11
30e/6%,insert,1,187.2834,187.28345,128,36813,30,48,0,0,100.0,reg,0.1
30e/6%,Stage2,4,186.9787,46.74469,256,73,63,0,0,0,50.0,reg,0.1
30e/6%,insert,1,179.9389,179.93894,128,34729,30,48,0,0,100.0,reg,0.1
30e/6%,Stage3,1,165.3813,165.38127,256,1,47,0,0,0,62.5,reg,0.09
30e/6%,Stage2,3,161.8006,53.93354,256,91,63,0,0,0,50.0,reg,0.09
30e/6%,Stage2,3,159.4841,53.16137,256,28,63,0,0,0,50.0,reg,0.09
30e/6%,insert,1,156.7034,156.70344,128,30909,30,48,0,0,100.0,reg,0.09
30e/6%,insert,1,147.621,147.62102,128,32763,30,48,0,0,100.0,reg,0.08
30e/6%,Stage2,2,146.8329,73.41645,256,16,63,0,0,0,50.0,reg,0.08
30e/6%,Stage2,4,144.2407,36.06018,256,78,63,0,0,0,50.0,reg,0.08
30e/6%,Stage2,2,139.2364,69.61822,256,32,63,0,0,0,50.0,reg,0.08
30e/6%,insert,1,138.7547,138.75475,128,29159,30,48,0,0,100.0,reg,0.08
30e/6%,Stage3,1,136.4285,136.42848,256,6,47,0,0,0,62.5,reg,0.08
30e/6%,Stage2,3,134.9833,44.99442,256,76,63,0,0,0,50.0,reg,0.07
30e/6%,insert,1,130.65,130.64995,128,27509,30,48,0,0,100.0,reg,0.07
30e/6%,insert,1,125.3217,125.32171,128,25952,30,48,0,0,100.0,reg,0.07
30e/6%,Stage2,3,118.1254,39.37514,256,80,63,0,0,0,50.0,reg,0.07
30e/6%,insert,1,116.9701,116.97013,128,24483,30,48,0,0,100.0,reg,0.06
30e/6%,Stage3,1,116.6859,116.68592,256,49,47,0,0,0,62.5,reg,0.06
30e/6%,Stage3,2,111.4496,55.7248,256,116,47,0,0,0,62.5,reg,0.06
30e/6%,insert,1,109.3199,109.3199,128,23097,30,48,0,0,100.0,reg,0.06
30e/6%,insert,1,103.2693,103.26935,128,20556,30,48,0,0,100.0,reg,0.06
30e/6%,insert,1,102.6694,102.66944,128,21790,30,48,0,0,100.0,reg,0.06
30e/6%,Stage2,1,95.7492,95.74915,256,35,63,0,0,0,50.0,reg,0.05
30e/6%,Stage3,1,95.6004,95.60042,256,15,47,0,0,0,62.5,reg,0.05
30e/6%,Stage3,1,94.3762,94.37619,256,94,47,0,0,0,62.5,reg,0.05
30e/6%,Stage3,1,89.8612,89.86123,256,96,47,0,0,0,62.5,reg,0.05
30e/6%,insert,1,87.3982,87.3982,128,19393,30,48,0,0,100.0,reg,0.05
30e/6%,insert,1,87.1441,87.14411,128,17259,30,48,0,0,100.0,reg,0.05
30e/6%,Stage3,1,86.3677,86.36771,256,99,47,0,0,0,62.5,reg,0.05
30e/6%,Stage2,1,84.9741,84.97408,256,34,63,0,0,0,50.0,reg,0.05
30e/6%,insert,1,80.7271,80.72713,128,16282,30,48,0,0,100.0,reg,0.04
30e/6%,Stage2,1,80.5135,80.51352,256,40,63,0,0,0,50.0,reg,0.04
30e/6%,insert,1,77.566,77.56601,128,18295,30,48,0,0,100.0,reg,0.04
30e/6%,Stage3,1,75.6053,75.60528,256,102,47,0,0,0,62.5,reg,0.04
30e/6%,Stage3,1,71.814,71.814,256,106,47,0,0,0,62.5,reg,0.04
30e/6%,Stage2,2,69.8847,34.94237,256,88,63,0,0,0,50.0,reg,0.04
30e/6%,Stage2,2,69.6794,34.83968,256,83,63,0,0,0,50.0,reg,0.04
30e/6%,Stage3,1,68.9201,68.92014,256,41,47,0,0,0,62.5,reg,0.04
30e/6%,Stage3,1,68.1925,68.19249,256,109,47,0,0,0,62.5,reg,0.04
30e/6%,Stage2,1,67.0747,67.07473,256,9,63,0,0,0,50.0,reg,0.04
30e/6%,Stage2,2,65.8976,32.94878,256,85,63,0,0,0,50.0,reg,0.04
30e/6%,Stage3,1,61.9055,61.90549,256,112,47,0,0,0,62.5,reg,0.03
30e/6%,Stage3,1,60.6859,60.68588,256,29,47,0,0,0,62.5,reg,0.03
30e/6%,Stage3,1,57.1558,57.15575,256,18,47,0,0,0,62.5,reg,0.03
30e/6%,Stage2,1,54.6875,54.68746,256,47,63,0,0,0,50.0,reg,0.03
30e/6%,Stage3,1,54.2171,54.21709,256,7,47,0,0,0,62.5,reg,0.03
30e/6%,Stage2,1,48.7123,48.7123,256,55,63,0,0,0,50.0,reg,0.03
30e/6%,Stage2,1,38.901,38.901,256,15,63,0,0,0,50.0,reg,0.02
30e/6%,Stage2,1,36.9765,36.97651,256,96,63,0,0,0,50.0,reg,0.02
30e/6%,Stage4,14,35.7531,2.55379,256,51,42,0,0,0,62.5,reg,0.02
30e/6%,Stage2,1,35.6297,35.62973,256,1,63,0,0,0,50.0,reg,0.02
30e/6%,Stage2,1,35.1629,35.16288,256,49,63,0,0,0,50.0,reg,0.02
30e/6%,Stage2,1,34.4578,34.45778,256,106,63,0,0,0,50.0,reg,0.02
30e/6%,Stage2,1,33.2885,33.28848,256,6,63,0,0,0,50.0,reg,0.02
30e/6%,Stage2,2,29.9081,14.95405,256,116,63,0,0,0,50.0,reg,0.02
30e/6%,Stage2,1,29.8897,29.88968,256,94,63,0,0,0,50.0,reg,0.02
30e/6%,kernel_extract_vector_sizes,28,29.0619,1.03792,256,51,24,0,0,0,100.0,thr,0.02
30e/6%,Stage4,12,28.1855,2.34879,256,50,42,0,0,0,62.5,reg,0.02
30e/6%,Stage2,1,25.796,25.79603,256,102,63,0,0,0,50.0,reg,0.01
30e/6%,Stage2,1,24.4635,24.46346,256,99,63,0,0,0,50.0,reg,0.01
30e/6%,Stage2,1,21.0712,21.07116,256,41,63,0,0,0,50.0,reg,0.01
30e/6%,Stage2,1,21.0304,21.03039,256,109,63,0,0,0,50.0,reg,0.01
30e/6%,Stage2,1,20.4979,20.49791,256,29,63,0,0,0,50.0,reg,0.01
30e/6%,kernel_extract_vector_sizes,24,20.0174,0.83406,256,50,24,0,0,0,100.0,thr,0.01
30e/6%,Stage2,1,19.43,19.43,256,112,63,0,0,0,50.0,reg,0.01
30e/6%,Stage2,1,19.0039,19.00389,256,18,63,0,0,0,50.0,reg,0.01
30e/6%,Stage4,8,18.8514,2.35643,256,58,42,0,0,0,62.5,reg,0.01
30e/6%,Stage4,7,17.5266,2.5038,256,59,42,0,0,0,62.5,reg,0.01
30e/6%,Stage2,1,14.9981,14.99815,256,7,63,0,0,0,50.0,reg,0.01
30e/6%,Stage4,6,14.9942,2.49903,256,61,42,0,0,0,62.5,reg,0.01
30e/6%,Stage4,6,13.5869,2.26448,256,67,42,0,0,0,62.5,reg,0.01
30e/6%,Stage4,6,13.4557,2.24262,256,63,42,0,0,0,62.5,reg,0.01
30e/6%,Stage4,6,13.2518,2.20863,256,65,42,0,0,0,62.5,reg,0.01
30e/6%,Stage4,11,11.9787,1.08897,256,53,42,0,0,0,62.5,reg,0.01
30e/6%,Stage4,9,9.4861,1.05402,256,54,42,0,0,0,62.5,reg,0.01
30e/6%,Stage4,4,9.3373,2.33432,256,78,42,0,0,0,62.5,reg,0.01
30e/6%,Stage4,4,9.3365,2.33413,256,73,42,0,0,0,62.5,reg,0.01
30e/6%,Stage4,4,9.1049,2.27621,256,71,42,0,0,0,62.5,reg,0.01
30e/6%,Stage4,4,9.0529,2.26322,256,69,42,0,0,0,62.5,reg,0.0
30e/6%,Stage4,8,8.6315,1.07894,256,56,42,0,0,0,62.5,reg,0.0
30e/6%,Stage4,3,8.0803,2.69343,256,80,42,0,0,0,62.5,reg,0.0
30e/6%,Stage4,3,7.3505,2.45018,256,91,42,0,0,0,62.5,reg,0.0
30e/6%,Stage4,3,6.8649,2.2883,256,76,42,0,0,0,62.5,reg,0.0
30e/6%,Stage4,2,4.8529,2.42644,256,85,42,0,0,0,62.5,reg,0.0
30e/6%,Stage4,2,4.8406,2.42031,256,88,42,0,0,0,62.5,reg,0.0
30e/6%,Stage4,2,4.7859,2.39295,256,116,42,0,0,0,62.5,reg,0.0
30e/6%,Stage4,2,4.7059,2.35297,256,83,42,0,0,0,62.5,reg,0.0
30e/6%,Stage4,2,4.3142,2.15711,256,32,42,0,0,0,62.5,reg,0.0
30e/6%,Stage4,2,4.0,2.00002,256,16,42,0,0,0,62.5,reg,0.0
30e/6%,Stage4,1,3.1703,3.17031,256,40,42,0,0,0,62.5,reg,0.0
30e/6%,Stage4,1,3.0477,3.04766,256,34,42,0,0,0,62.5,reg,0.0
30e/6%,Stage4,3,2.982,0.99401,256,28,42,0,0,0,62.5,reg,0.0
30e/6%,Stage4,1,2.8967,2.89668,256,41,42,0,0,0,62.5,reg,0.0
30e/6%,Stage4,1,2.8201,2.82007,256,35,42,0,0,0,62.5,reg,0.0
30e/6%,Stage4,1,2.7195,2.71953,256,47,42,0,0,0,62.5,reg,0.0
30e/6%,Stage4,1,2.6113,2.61127,256,102,42,0,0,0,62.5,reg,0.0
30e/6%,Stage4,1,2.5976,2.59757,256,112,42,0,0,0,62.5,reg,0.0
30e/6%,Stage4,1,2.5327,2.53271,256,94,42,0,0,0,62.5,reg,0.0
30e/6%,Stage4,1,2.5059,2.50593,256,106,42,0,0,0,62.5,reg,0.0
30e/6%,Stage4,1,2.474,2.47399,256,109,42,0,0,0,62.5,reg,0.0
30e/6%,Stage4,1,2.4311,2.43108,256,99,42,0,0,0,62.5,reg,0.0
30e/6%,Stage4,1,2.421,2.421,256,96,42,0,0,0,62.5,reg,0.0
30e/6%,Stage4,1,2.3328,2.33281,256,9,42,0,0,0,62.5,reg,0.0
30e/6%,Stage4,1,2.1859,2.18593,256,49,42,0,0,0,62.5,reg,0.0
30e/6%,kernel_extract_vector_sizes,2,2.096,1.04799,256,49,24,0,0,0,100.0,thr,0.0
30e/6%,kernel_extract_vector_sizes,2,2.0756,1.03781,256,47,24,0,0,0,100.0,thr,0.0
30e/6%,kernel_extract_vector_sizes,4,1.942,0.4855,256,32,24,0,0,0,100.0,thr,0.0
30e/6%,Stage4,1,1.9355,1.93546,256,29,42,0,0,0,62.5,reg,0.0
30e/6%,kernel_extract_vector_sizes,2,1.9311,0.96557,256,35,24,0,0,0,100.0,thr,0.0
30e/6%,kernel_extract_vector_sizes,4,1.8491,0.46227,256,16,24,0,0,0,100.0,thr,0.0
30e/6%,Stage4,1,1.8159,1.81591,256,18,42,0,0,0,62.5,reg,0.0
30e/6%,insert_if_n,1,1.4487,1.44874,128,126,32,48,0,0,100.0,reg,0.0
30e/6%,Stage4,1,1.2516,1.25156,256,6,42,0,0,0,62.5,reg,0.0
30e/6%,insert_if_n,1,1.2415,1.24148,128,89,32,48,0,0,100.0,reg,0.0
30e/6%,insert_if_n,1,1.1698,1.16976,128,94,32,48,0,0,100.0,reg,0.0
30e/6%,insert_if_n,1,1.1688,1.16877,128,106,32,48,0,0,100.0,reg,0.0
30e/6%,kernel_extract_vector_sizes,2,1.1683,0.58415,256,29,24,0,0,0,100.0,thr,0.0
30e/6%,insert_if_n,1,1.0745,1.07453,128,119,32,48,0,0,100.0,reg,0.0
30e/6%,Stage4,1,1.0483,1.04829,256,15,42,0,0,0,62.5,reg,0.0
30e/6%,kernel_extract_vector_sizes,2,1.0189,0.50947,256,41,24,0,0,0,100.0,thr,0.0
30e/6%,kernel_extract_vector_sizes,2,1.0096,0.50479,256,40,24,0,0,0,100.0,thr,0.0
30e/6%,insert_if_n,1,0.9714,0.97139,128,56,32,48,0,0,100.0,reg,0.0
30e/6%,kernel_extract_vector_sizes,2,0.935,0.46751,256,34,24,0,0,0,100.0,thr,0.0
30e/6%,Stage4,1,0.9055,0.90547,256,55,42,0,0,0,62.5,reg,0.0
30e/6%,kernel_extract_vector_sizes,2,0.8809,0.44045,256,9,24,0,0,0,100.0,thr,0.0
30e/6%,insert_if_n,1,0.8277,0.82771,128,134,32,48,0,0,100.0,reg,0.0
30e/6%,insert_if_n,1,0.8181,0.81808,128,150,32,48,0,0,100.0,reg,0.0
30e/6%,insert_if_n,1,0.8116,0.81155,128,50,32,48,0,0,100.0,reg,0.0
30e/6%,Stage4,1,0.7891,0.78912,256,1,42,0,0,0,62.5,reg,0.0
30e/6%,insert_if_n,1,0.7584,0.7584,128,142,32,48,0,0,100.0,reg,0.0
30e/6%,insert_if_n,1,0.7579,0.75789,128,84,32,48,0,0,100.0,reg,0.0
30e/6%,insert_if_n,1,0.7247,0.72467,128,112,32,48,0,0,100.0,reg,0.0
30e/6%,Stage4,1,0.7226,0.72256,256,7,42,0,0,0,62.5,reg,0.0
30e/6%,insert_if_n,1,0.7016,0.70157,128,53,32,48,0,0,100.0,reg,0.0
30e/6%,kernel_extract_vector_sizes,2,0.6645,0.33226,256,18,24,0,0,0,100.0,thr,0.0
30e/6%,insert_if_n,1,0.6053,0.60531,128,40,32,48,0,0,100.0,reg,0.0
30e/6%,insert_if_n,1,0.6014,0.60138,128,100,32,48,0,0,100.0,reg,0.0
30e/6%,insert_if_n,1,0.5196,0.51962,128,75,32,48,0,0,100.0,reg,0.0
30e/6%,insert_if_n,1,0.5136,0.51363,128,45,32,48,0,0,100.0,reg,0.0
30e/6%,insert_if_n,1,0.4323,0.43232,128,71,32,48,0,0,100.0,reg,0.0
30e/6%,insert_if_n,1,0.4214,0.42138,128,47,32,48,0,0,100.0,reg,0.0
30e/6%,insert_if_n,1,0.4065,0.4065,128,79,32,48,0,0,100.0,reg,0.0
30e/6%,insert_if_n,1,0.4033,0.40326,128,42,32,48,0,0,100.0,reg,0.0
30e/6%,insert_if_n,1,0.3917,0.39168,128,28,32,48,0,0,100.0,reg,0.0
30e/6%,insert_if_n,1,0.38,0.37997,128,59,32,48,0,0,100.0,reg,0.0
30e/6%,insert_if_n,1,0.3743,0.3743,128,33,32,48,0,0,100.0,reg,0.0
30e/6%,kernel_extract_vector_sizes,2,0.3403,0.17014,256,6,24,0,0,0,100.0,thr,0.0
30e/6%,insert_if_n,1,0.3067,0.30669,128,67,32,48,0,0,100.0,reg,0.0
30e/6%,insert_if_n,1,0.2857,0.2857,128,63,32,48,0,0,100.0,reg,0.0
30e/6%,insert_if_n,1,0.1905,0.19046,128,35,32,48,0,0,100.0,reg,0.0
30e/6%,insert_if_n,1,0.1637,0.16368,128,30,32,48,0,0,100.0,reg,0.0
30e/6%,insert_if_n,1,0.1583,0.15834,128,37,32,48,0,0,100.0,reg,0.0
30e/6%,insert_if_n,1,0.1109,0.11094,128,32,32,48,0,0,100.0,reg,0.0
30e/6%,kernel_extract_vector_sizes,2,0.079,0.0395,256,1,24,0,0,0,100.0,thr,0.0
30e/6%,kernel_extract_vector_sizes,22,0.0667,0.00303,256,53,24,0,0,0,100.0,thr,0.0
30e/6%,kernel_extract_vector_sizes,18,0.0552,0.00307,256,54,24,0,0,0,100.0,thr,0.0
30e/6%,kernel_extract_vector_sizes,16,0.0469,0.00293,256,58,24,0,0,0,100.0,thr,0.0
30e/6%,kernel_extract_vector_sizes,16,0.0465,0.0029,256,56,24,0,0,0,100.0,thr,0.0
30e/6%,kernel_extract_vector_sizes,14,0.0404,0.00289,256,59,24,0,0,0,100.0,thr,0.0
30e/6%,kernel_extract_vector_sizes,12,0.0376,0.00313,256,65,24,0,0,0,100.0,thr,0.0
30e/6%,kernel_extract_vector_sizes,12,0.0373,0.00311,256,67,24,0,0,0,100.0,thr,0.0
30e/6%,kernel_extract_vector_sizes,12,0.0368,0.00307,256,63,24,0,0,0,100.0,thr,0.0
30e/6%,kernel_extract_vector_sizes,12,0.0354,0.00295,256,61,24,0,0,0,100.0,thr,0.0
30e/6%,kernel_extract_vector_sizes,8,0.026,0.00325,256,69,24,0,0,0,100.0,thr,0.0
30e/6%,kernel_extract_vector_sizes,8,0.0258,0.00322,256,78,24,0,0,0,100.0,thr,0.0
30e/6%,kernel_extract_vector_sizes,8,0.0256,0.0032,256,73,24,0,0,0,100.0,thr,0.0
30e/6%,kernel_extract_vector_sizes,8,0.0244,0.00306,256,71,24,0,0,0,100.0,thr,0.0
30e/6%,kernel_extract_vector_sizes,6,0.0194,0.00324,256,91,24,0,0,0,100.0,thr,0.0
30e/6%,kernel_extract_vector_sizes,6,0.0194,0.00324,256,80,24,0,0,0,100.0,thr,0.0
30e/6%,kernel_extract_vector_sizes,6,0.0192,0.0032,256,28,24,0,0,0,100.0,thr,0.0
30e/6%,kernel_extract_vector_sizes,6,0.019,0.00317,256,76,24,0,0,0,100.0,thr,0.0
30e/6%,kernel_extract_vector_sizes,4,0.0134,0.00334,256,85,24,0,0,0,100.0,thr,0.0
30e/6%,kernel_extract_vector_sizes,4,0.0126,0.00314,256,83,24,0,0,0,100.0,thr,0.0
30e/6%,kernel_extract_vector_sizes,4,0.0125,0.00313,256,88,24,0,0,0,100.0,thr,0.0
30e/6%,kernel_extract_vector_sizes,4,0.0121,0.00302,256,116,24,0,0,0,100.0,thr,0.0
30e/6%,initialize,1,0.0077,0.00768,256,2757,22,0,0,0,100.0,thr,0.0
30e/6%,initialize,1,0.0073,0.00733,256,2601,22,0,0,0,100.0,thr,0.0
30e/6%,initialize,1,0.0072,0.00717,256,2454,22,0,0,0,100.0,thr,0.0
30e/6%,kernel_extract_vector_sizes,2,0.0069,0.00344,256,102,24,0,0,0,100.0,thr,0.0
30e/6%,kernel_extract_vector_sizes,2,0.0068,0.00342,256,96,24,0,0,0,100.0,thr,0.0
30e/6%,initialize,1,0.0068,0.00675,256,2315,22,0,0,0,100.0,thr,0.0
30e/6%,kernel_extract_vector_sizes,2,0.0067,0.00333,256,99,24,0,0,0,100.0,thr,0.0
30e/6%,kernel_extract_vector_sizes,2,0.0066,0.00331,256,106,24,0,0,0,100.0,thr,0.0
30e/6%,kernel_extract_vector_sizes,2,0.0065,0.00323,256,112,24,0,0,0,100.0,thr,0.0
30e/6%,kernel_extract_vector_sizes,2,0.0065,0.00326,256,109,24,0,0,0,100.0,thr,0.0
30e/6%,initialize,1,0.0064,0.00637,256,2184,22,0,0,0,100.0,thr,0.0
30e/6%,kernel_extract_vector_sizes,2,0.0063,0.00315,256,94,24,0,0,0,100.0,thr,0.0
30e/6%,kernel_extract_vector_sizes,2,0.0061,0.00304,256,55,24,0,0,0,100.0,thr,0.0
30e/6%,initialize,1,0.0061,0.00611,256,2061,22,0,0,0,100.0,thr,0.0
30e/6%,initialize,1,0.006,0.00598,256,1944,22,0,0,0,100.0,thr,0.0
30e/6%,kernel_extract_vector_sizes,2,0.0059,0.00296,256,7,24,0,0,0,100.0,thr,0.0
30e/6%,kernel_extract_vector_sizes,2,0.0057,0.00286,256,15,24,0,0,0,100.0,thr,0.0
30e/6%,initialize,1,0.0056,0.0056,256,1730,22,0,0,0,100.0,thr,0.0
30e/6%,initialize,1,0.0056,0.00557,256,1834,22,0,0,0,100.0,thr,0.0
30e/6%,initialize,1,0.0052,0.00518,256,1632,22,0,0,0,100.0,thr,0.0
30e/6%,initialize,1,0.0048,0.00483,256,1540,22,0,0,0,100.0,thr,0.0
30e/6%,initialize,1,0.0047,0.00473,256,1453,22,0,0,0,100.0,thr,0.0
30e/6%,initialize,1,0.0044,0.00438,256,1293,22,0,0,0,100.0,thr,0.0
30e/6%,initialize,1,0.0044,0.00442,256,1371,22,0,0,0,100.0,thr,0.0
30e/6%,initialize,1,0.0041,0.00413,256,1220,22,0,0,0,100.0,thr,0.0
30e/6%,static_kernel,4,0.004,0.001,256,10,16,0,0,0,100.0,thr,0.0
30e/6%,static_kernel,4,0.0039,0.00097,256,8,16,0,0,0,100.0,thr,0.0
30e/6%,initialize,1,0.0039,0.00394,256,1151,22,0,0,0,100.0,thr,0.0
30e/6%,static_kernel,4,0.0038,0.00094,256,9,16,0,0,0,100.0,thr,0.0
30e/6%,static_kernel,4,0.0038,0.00096,256,12,16,0,0,0,100.0,thr,0.0
30e/6%,static_kernel,4,0.0038,0.00096,256,14,16,0,0,0,100.0,thr,0.0
30e/6%,initialize,1,0.0038,0.00381,256,1086,22,0,0,0,100.0,thr,0.0
30e/6%,initialize,1,0.0037,0.00368,256,966,22,0,0,0,100.0,thr,0.0
30e/6%,initialize,1,0.0036,0.00362,256,1024,22,0,0,0,100.0,thr,0.0
30e/6%,initialize,1,0.0033,0.00326,256,811,22,0,0,0,100.0,thr,0.0
30e/6%,initialize,1,0.0033,0.00333,256,860,22,0,0,0,100.0,thr,0.0
30e/6%,initialize,1,0.0033,0.00333,256,912,22,0,0,0,100.0,thr,0.0
30e/6%,initialize,1,0.0031,0.00307,256,766,22,0,0,0,100.0,thr,0.0
30e/6%,initialize,1,0.0029,0.00291,256,643,22,0,0,0,100.0,thr,0.0
30e/6%,initialize,1,0.0029,0.00291,256,681,22,0,0,0,100.0,thr,0.0
30e/6%,initialize,1,0.0029,0.00294,256,722,22,0,0,0,100.0,thr,0.0
30e/6%,initialize,1,0.0027,0.00272,256,540,22,0,0,0,100.0,thr,0.0
30e/6%,initialize,1,0.0027,0.00266,256,572,22,0,0,0,100.0,thr,0.0
30e/6%,initialize,1,0.0027,0.00272,256,607,22,0,0,0,100.0,thr,0.0
30e/6%,initialize,1,0.0024,0.00243,256,509,22,0,0,0,100.0,thr,0.0
30e/6%,static_kernel,2,0.0021,0.00104,256,13,16,0,0,0,100.0,thr,0.0
30e/6%,static_kernel,2,0.002,0.00099,256,19,16,0,0,0,100.0,thr,0.0
30e/6%,static_kernel,2,0.002,0.00099,256,21,16,0,0,0,100.0,thr,0.0
30e/6%,static_kernel,2,0.002,0.00098,256,24,16,0,0,0,100.0,thr,0.0
30e/6%,static_kernel,2,0.002,0.00098,256,25,16,0,0,0,100.0,thr,0.0
30e/6%,static_kernel,2,0.002,0.00098,256,27,16,0,0,0,100.0,thr,0.0
30e/6%,static_kernel,2,0.002,0.00098,256,32,16,0,0,0,100.0,thr,0.0
30e/6%,static_kernel,2,0.002,0.00099,256,34,16,0,0,0,100.0,thr,0.0
30e/6%,static_kernel,2,0.002,0.00098,256,36,16,0,0,0,100.0,thr,0.0
30e/6%,static_kernel,2,0.002,0.00102,256,38,16,0,0,0,100.0,thr,0.0
30e/6%,static_kernel,2,0.0019,0.00094,256,7,16,0,0,0,100.0,thr,0.0
30e/6%,static_kernel,2,0.0019,0.00096,256,11,16,0,0,0,100.0,thr,0.0
30e/6%,static_kernel,2,0.0019,0.00096,256,15,16,0,0,0,100.0,thr,0.0
30e/6%,static_kernel,2,0.0019,0.00094,256,16,16,0,0,0,100.0,thr,0.0
30e/6%,static_kernel,2,0.0019,0.00094,256,17,16,0,0,0,100.0,thr,0.0
30e/6%,static_kernel,2,0.0019,0.00096,256,18,16,0,0,0,100.0,thr,0.0
30e/6%,static_kernel,2,0.0019,0.00096,256,20,16,0,0,0,100.0,thr,0.0
30e/6%,static_kernel,2,0.0019,0.00096,256,23,16,0,0,0,100.0,thr,0.0
30e/6%,static_kernel,2,0.0019,0.00096,256,30,16,0,0,0,100.0,thr,0.0
30e/6%,static_kernel,1,0.001,0.00099,256,29,16,0,0,0,100.0,thr,0.0
30e/6%,static_kernel,1,0.001,0.00099,256,28,16,0,0,0,100.0,thr,0.0
