Label,Years,Growth,Kernel,Launches,Total_s,SharePct,AvgGrid,AvgBlock
3e/1%,3,1,Stage1,5,1.3208,73.09,373.0,256.0
3e/1%,3,1,insert,3,0.2151,11.9,15670.0,128.0
3e/1%,3,1,Stage3,5,0.2063,11.41,12.4,256.0
3e/1%,3,1,Stage2,5,0.0435,2.41,12.4,256.0
3e/1%,3,1,static_kernel,14902,0.0133,0.74,1.0,256.0
3e/1%,3,1,Stage4,5,0.006,0.33,12.4,256.0
3e/1%,3,1,ExtractSizes,10,0.0021,0.11,12.4,256.0
3e/1%,3,1,insert_if_n,3,0.0001,0.01,5.0,128.0
3e/1%,3,1,initialize,3,0.0,0.0,490.0,256.0
3e/3%,3,3,Stage1,5,1.419,70.34,1140.0,256.0
3e/3%,3,3,Stage3,5,0.2585,12.81,36.0,256.0
3e/3%,3,3,insert,3,0.2224,11.02,16301.0,128.0
3e/3%,3,3,Stage2,5,0.0685,3.39,36.0,256.0
3e/3%,3,3,static_kernel,45586,0.0409,2.03,1.0,256.0
3e/3%,3,3,Stage4,5,0.0074,0.37,36.0,256.0
3e/3%,3,3,insert_if_n,3,0.0005,0.03,14.7,128.0
3e/3%,3,3,ExtractSizes,10,0.0002,0.01,36.0,256.0
3e/3%,3,3,initialize,3,0.0,0.0,510.0,256.0
3e/6%,3,6,Stage1,5,1.3781,66.23,2347.8,256.0
3e/6%,3,6,Stage3,5,0.2814,13.52,73.8,256.0
3e/6%,3,6,insert,3,0.2465,11.84,17278.7,128.0
3e/6%,3,6,static_kernel,93898,0.0842,4.05,1.0,256.0
3e/6%,3,6,Stage2,5,0.0793,3.81,73.8,256.0
3e/6%,3,6,Stage4,5,0.0099,0.47,73.8,256.0
3e/6%,3,6,insert_if_n,3,0.0008,0.04,30.0,128.0
3e/6%,3,6,ExtractSizes,10,0.0007,0.03,73.8,256.0
3e/6%,3,6,initialize,3,0.0,0.0,540.3,256.0
10e/1%,10,1,Stage1,19,6.0094,75.03,338.8,256.0
10e/1%,10,1,Stage3,19,0.8879,11.09,11.1,256.0
10e/1%,10,1,insert,10,0.778,9.71,16231.6,128.0
10e/1%,10,1,Stage2,19,0.2559,3.19,11.1,256.0
10e/1%,10,1,static_kernel,51450,0.047,0.59,1.0,256.0
10e/1%,10,1,Stage4,19,0.0237,0.3,11.1,256.0
10e/1%,10,1,ExtractSizes,38,0.0067,0.08,11.1,256.0
10e/1%,10,1,insert_if_n,10,0.0005,0.01,5.1,128.0
10e/1%,10,1,initialize,10,0.0,0.0,507.6,256.0
10e/3%,10,3,Stage1,19,7.7874,75.05,1112.6,256.0
10e/3%,10,3,Stage3,19,1.1691,11.27,35.3,256.0
10e/3%,10,3,insert,10,0.858,8.27,18137.8,128.0
10e/3%,10,3,Stage2,19,0.3704,3.57,35.3,256.0
10e/3%,10,3,static_kernel,169071,0.1541,1.49,1.0,256.0
10e/3%,10,3,Stage4,19,0.0288,0.28,35.3,256.0
10e/3%,10,3,ExtractSizes,38,0.0062,0.06,35.3,256.0
10e/3%,10,3,insert_if_n,10,0.0018,0.02,16.4,128.0
10e/3%,10,3,initialize,10,0.0,0.0,567.5,256.0
10e/6%,10,6,Stage1,20,7.9982,69.83,2429.9,256.0
10e/6%,10,6,Stage3,20,1.54,13.44,76.5,256.0
10e/6%,10,6,insert,10,1.0225,8.93,21461.6,128.0
10e/6%,10,6,Stage2,20,0.4901,4.28,76.5,256.0
10e/6%,10,6,static_kernel,388752,0.3541,3.09,1.0,256.0
10e/6%,10,6,Stage4,20,0.0433,0.38,76.5,256.0
10e/6%,10,6,insert_if_n,10,0.0032,0.03,36.9,128.0
10e/6%,10,6,ExtractSizes,40,0.003,0.03,76.5,256.0
10e/6%,10,6,initialize,10,0.0,0.0,671.1,256.0
30e/1%,30,1,Stage1,59,24.1805,76.56,362.7,256.0
30e/1%,30,1,Stage3,59,3.5376,11.2,11.8,256.0
30e/1%,30,1,insert,30,2.5141,7.96,17989.1,128.0
30e/1%,30,1,Stage2,59,1.0944,3.47,11.8,256.0
30e/1%,30,1,static_kernel,171055,0.1534,0.49,1.0,256.0
30e/1%,30,1,Stage4,59,0.0795,0.25,11.8,256.0
30e/1%,30,1,ExtractSizes,118,0.0216,0.07,11.8,256.0
30e/1%,30,1,insert_if_n,30,0.0019,0.01,5.8,128.0
30e/1%,30,1,initialize,30,0.0001,0.0,562.5,256.0
30e/3%,30,3,Stage1,78,37.7665,71.68,1124.8,256.0
30e/3%,30,3,Stage3,78,8.0372,15.25,35.6,256.0
30e/3%,30,3,insert,30,3.7347,7.09,25090.8,128.0
30e/3%,30,3,Stage2,78,2.2658,4.3,35.6,256.0
30e/3%,30,3,static_kernel,701630,0.6293,1.19,1.0,256.0
30e/3%,30,3,Stage4,78,0.1633,0.31,35.6,256.0
30e/3%,30,3,ExtractSizes,156,0.0859,0.16,35.6,256.0
30e/3%,30,3,insert_if_n,30,0.0054,0.01,22.4,128.0
30e/3%,30,3,initialize,30,0.0001,0.0,784.7,256.0
30e/6%,30,6,Stage1,154,117.7095,65.28,1893.0,256.0
30e/6%,30,6,Stage3,154,42.8769,23.78,59.6,256.0
30e/6%,30,6,Stage2,154,10.6634,5.91,59.6,256.0
30e/6%,30,6,insert,30,6.5716,3.64,42908.4,128.0
30e/6%,30,6,static_kernel,2331667,2.0915,1.16,1.0,256.0
30e/6%,30,6,Stage4,154,0.322,0.18,59.6,256.0
30e/6%,30,6,ExtractSizes,308,0.0627,0.03,59.6,256.0
30e/6%,30,6,insert_if_n,30,0.0194,0.01,73.3,128.0
30e/6%,30,6,initialize,30,0.0001,0.0,1341.3,256.0
